{
  "12": {
    "r_ckwba_orig": -0.1626634577024451,
    "r_ckwba_mine": -0.09905960984874361,
    "per_kperp": {
      "1e-04": {
        "r_ck_vpd_orig": 0.15055583406117395,
        "r_ck_vpd_mine": 0.15055583406117395,
        "r_tc_vpd_orig": 0.010924474262857304,
        "r_tc_vpd_mine": 0.014006588830811658,
        "r_wba_vpd_orig": -0.04750325610013694,
        "r_wba_vpd_mine": -0.008371860976063739,
        "chi_mean": 0.6416666666666667
      },
      "1e-05": {
        "r_ck_vpd_orig": 0.08750683673869074,
        "r_ck_vpd_mine": 0.08750683673869074,
        "r_tc_vpd_orig": -0.027709205899422423,
        "r_tc_vpd_mine": -0.02619149135464305,
        "r_wba_vpd_orig": -0.0883067171859762,
        "r_wba_vpd_mine": -0.01693965403454027,
        "chi_mean": 0.9
      },
      "1e-06": {
        "r_ck_vpd_orig": 0.08750683673869074,
        "r_ck_vpd_mine": 0.08750683673869074,
        "r_tc_vpd_orig": -0.027709205899422423,
        "r_tc_vpd_mine": -0.02619149135464305,
        "r_wba_vpd_orig": -0.0883067171859762,
        "r_wba_vpd_mine": -0.01693965403454027,
        "chi_mean": 0.9
      }
    }
  },
  "4": {
    "r_ckwba_orig": -0.05601865113059357,
    "r_ckwba_mine": -0.10223403276675748,
    "per_kperp": {
      "1e-04": {
        "r_ck_vpd_orig": 0.08896349364255472,
        "r_ck_vpd_mine": 0.08896349364255472,
        "r_tc_vpd_orig": 0.05409913669098198,
        "r_tc_vpd_mine": 0.0631803424419317,
        "r_wba_vpd_orig": -0.045993290025794255,
        "r_wba_vpd_mine": -0.08933129248189564,
        "chi_mean": 0.6541666666666667
      },
      "1e-05": {
        "r_ck_vpd_orig": 0.19405386820594525,
        "r_ck_vpd_mine": 0.19405386820594525,
        "r_tc_vpd_orig": 0.017273572412728873,
        "r_tc_vpd_mine": 0.002426603034809919,
        "r_wba_vpd_orig": -0.04079550039116455,
        "r_wba_vpd_mine": -0.10324167843536378,
        "chi_mean": 0.9
      },
      "1e-06": {
        "r_ck_vpd_orig": 0.19405386820594525,
        "r_ck_vpd_mine": 0.19405386820594525,
        "r_tc_vpd_orig": 0.017273572412728873,
        "r_tc_vpd_mine": 0.002426603034809919,
        "r_wba_vpd_orig": -0.04079550039116455,
        "r_wba_vpd_mine": -0.10324167843536378,
        "chi_mean": 0.9
      }
    }
  }
}