{
  "4": {
    "m": 4,
    "r_tc_wba": 0.2918757192905088,
    "per_kperp": {
      "1e-04": {
        "r_tc_vpd": 0.11553832347520061,
        "r_wba_vpd": -0.10598915817240114,
        "chi_mean": 0.3506944444444444
      },
      "1e-05": {
        "r_tc_vpd": 0.021912581400547106,
        "r_wba_vpd": -0.03299566341227763,
        "chi_mean": 0.7534722222222222
      },
      "1e-06": {
        "r_tc_vpd": 0.04346689163459184,
        "r_wba_vpd": -0.061967806310273564,
        "chi_mean": 0.8958333333333334
      }
    }
  },
  "12": {
    "m": 12,
    "r_tc_wba": 0.2435045713711602,
    "per_kperp": {
      "1e-04": {
        "r_tc_vpd": -0.03617877472180131,
        "r_wba_vpd": -0.06781189153719072,
        "chi_mean": 0.7222222222222222
      },
      "1e-05": {
        "r_tc_vpd": -0.013934335534905782,
        "r_wba_vpd": -0.1366567868011968,
        "chi_mean": 0.90625
      },
      "1e-06": {
        "r_tc_vpd": 0.017075351360871023,
        "r_wba_vpd": -0.11729859729093922,
        "chi_mean": 0.9166666666666666
      }
    }
  },
  "20": {
    "m": 20,
    "r_tc_wba": 0.09514800442066662,
    "per_kperp": {
      "1e-04": {
        "r_tc_vpd": -0.035501047020046854,
        "r_wba_vpd": -0.02097174795410128,
        "chi_mean": 0.6875
      },
      "1e-05": {
        "r_tc_vpd": -0.04087692251146744,
        "r_wba_vpd": 0.010030744417409011,
        "chi_mean": 0.8854166666666666
      },
      "1e-06": {
        "r_tc_vpd": -0.03974174697264672,
        "r_wba_vpd": 0.03535957715437009,
        "chi_mean": 0.9166666666666666
      }
    }
  },
  "36": {
    "m": 36,
    "r_tc_wba": 0.3261046643056289,
    "per_kperp": {
      "1e-04": {
        "r_tc_vpd": 0.0018605093359276435,
        "r_wba_vpd": 0.055195110299186764,
        "chi_mean": 0.6666666666666666
      },
      "1e-05": {
        "r_tc_vpd": -0.0012143059199743438,
        "r_wba_vpd": 0.029686584201478034,
        "chi_mean": 0.8784722222222222
      },
      "1e-06": {
        "r_tc_vpd": 0.006799918683532708,
        "r_wba_vpd": -0.004873275056531774,
        "chi_mean": 0.9166666666666666
      }
    }
  }
}