{
  "4": {
    "m": 4,
    "ck_nonexist": 0.9965277777777778,
    "tc_median": 18.48138176525024,
    "dig_median": 1.1586195932887329,
    "chaos_frac": 0.8732638888888888,
    "r_ck_wba": -0.08981489508269803,
    "per_kperp": {
      "1e-04": {
        "V_PD": 0.24576322115384616,
        "DeltaT": 0.37728272740191476,
        "r_ck_vpd": 0.04338093769906749,
        "r_wba_vpd": -0.10598915817240114,
        "chi_mean": 0.3506944444444444
      },
      "1e-05": {
        "V_PD": 0.7073617788461538,
        "DeltaT": 0.15371776217457472,
        "r_ck_vpd": 0.10319525871953462,
        "r_wba_vpd": -0.03299566341227763,
        "chi_mean": 0.7534722222222222
      },
      "1e-06": {
        "V_PD": 0.8974158653846154,
        "DeltaT": 0.03860325751936644,
        "r_ck_vpd": 0.1731044678638454,
        "r_wba_vpd": -0.061967806310273564,
        "chi_mean": 0.8958333333333334
      }
    }
  },
  "12": {
    "m": 12,
    "ck_nonexist": 1.0,
    "tc_median": 20.652887584021126,
    "dig_median": 0.9996804196663036,
    "chaos_frac": 0.8784722222222222,
    "r_ck_wba": NaN,
    "per_kperp": {
      "1e-04": {
        "V_PD": 0.12295673076923076,
        "DeltaT": 0.4011199662388256,
        "r_ck_vpd": NaN,
        "r_wba_vpd": -0.06781189153719072,
        "chi_mean": 0.7222222222222222
      },
      "1e-05": {
        "V_PD": 0.4745793269230769,
        "DeltaT": 0.1903608660010584,
        "r_ck_vpd": NaN,
        "r_wba_vpd": -0.1366567868011968,
        "chi_mean": 0.90625
      },
      "1e-06": {
        "V_PD": 0.8338341346153846,
        "DeltaT": 0.059951997611590535,
        "r_ck_vpd": NaN,
        "r_wba_vpd": -0.11729859729093922,
        "chi_mean": 0.9166666666666666
      }
    }
  },
  "20": {
    "m": 20,
    "ck_nonexist": 1.0,
    "tc_median": 19.536844884849124,
    "dig_median": 1.096072131267472,
    "chaos_frac": 0.8802083333333334,
    "r_ck_wba": NaN,
    "per_kperp": {
      "1e-04": {
        "V_PD": 0.06742788461538461,
        "DeltaT": 0.4380977543229533,
        "r_ck_vpd": NaN,
        "r_wba_vpd": -0.02097174795410128,
        "chi_mean": 0.6875
      },
      "1e-05": {
        "V_PD": 0.2227764423076923,
        "DeltaT": 0.2454263906568035,
        "r_ck_vpd": NaN,
        "r_wba_vpd": 0.010030744417409011,
        "chi_mean": 0.8854166666666666
      },
      "1e-06": {
        "V_PD": 0.6970703125,
        "DeltaT": 0.08079277269102053,
        "r_ck_vpd": NaN,
        "r_wba_vpd": 0.03535957715437009,
        "chi_mean": 0.9166666666666666
      }
    }
  },
  "36": {
    "m": 36,
    "ck_nonexist": 1.0,
    "tc_median": 19.976696744367032,
    "dig_median": 1.7164719890877858,
    "chaos_frac": 0.7725694444444444,
    "r_ck_wba": NaN,
    "per_kperp": {
      "1e-04": {
        "V_PD": 0.03515625,
        "DeltaT": 0.46466605803568034,
        "r_ck_vpd": NaN,
        "r_wba_vpd": 0.055195110299186764,
        "chi_mean": 0.6666666666666666
      },
      "1e-05": {
        "V_PD": 0.11465594951923076,
        "DeltaT": 0.30959450007827766,
        "r_ck_vpd": NaN,
        "r_wba_vpd": 0.029686584201478034,
        "chi_mean": 0.8784722222222222
      },
      "1e-06": {
        "V_PD": 0.42310697115384616,
        "DeltaT": 0.11300220821259294,
        "r_ck_vpd": NaN,
        "r_wba_vpd": -0.004873275056531774,
        "chi_mean": 0.9166666666666666
      }
    }
  }
}